what,kind,bundleId,bundleVersion,description,time
executed,command,org.eclipse.debug.ui,3.5.0.v20090603,"org.eclipse.debug.ui.commands.StepOver",1287929578472
activated,editor,org.eclipse.jdt.ui,3.5.1.r351_v20090821-0800,"org.eclipse.jdt.ui.CompilationUnitEditor",1287929581471
executed,command,,,"AUTOGEN:::org.eclipse.jdt.debug.CompilationUnitEditor.BreakpointRulerActions/org.eclipse.jdt.debug.ui.actions.ManageBreakpointRulerAction",1287929581614
executed,command,org.eclipse.debug.ui,3.5.0.v20090603,"org.eclipse.debug.ui.commands.Resume",1287929582954
executed,command,,,"AUTOGEN:::org.eclipse.jdt.debug.CompilationUnitEditor.BreakpointRulerActions/org.eclipse.jdt.debug.ui.actions.ManageBreakpointRulerAction",1287929590009
executed,command,org.eclipse.debug.ui,3.5.0.v20090603,"org.eclipse.debug.ui.commands.Resume",1287929593238
executed,command,,,"AUTOGEN:::org.eclipse.jdt.debug.CompilationUnitEditor.BreakpointRulerActions/org.eclipse.jdt.debug.ui.actions.ManageBreakpointRulerAction",1287929595981
executed,command,org.eclipse.debug.ui,3.5.0.v20090603,"org.eclipse.debug.ui.commands.Resume",1287929596927
deactivated,workbench,org.eclipse.ui.workbench,3.5.0.I20090603-2000,"",1287929614298
activated,workbench,org.eclipse.ui.workbench,3.5.0.I20090603-2000,"",1287929642192
activated,editor,org.eclipse.jdt.ui,3.5.1.r351_v20090821-0800,"org.eclipse.jdt.ui.CompilationUnitEditor",1287929643398
deactivated,workbench,org.eclipse.ui.workbench,3.5.0.I20090603-2000,"",1287929647280
activated,workbench,org.eclipse.ui.workbench,3.5.0.I20090603-2000,"",1287929687602
deactivated,workbench,org.eclipse.ui.workbench,3.5.0.I20090603-2000,"",1287929689448
activated,workbench,org.eclipse.ui.workbench,3.5.0.I20090603-2000,"",1287929797004
activated,perspective,org.eclipse.jdt.ui,3.5.1.r351_v20090821-0800,"org.eclipse.jdt.ui.JavaPerspective",1287929798798
activated,view,org.eclipse.ui.console,3.4.0.v20090513,"org.eclipse.ui.console.ConsoleView",1287929801212
closed,editor,org.eclipse.jdt.ui,3.5.1.r351_v20090821-0800,"org.eclipse.jdt.ui.CompilationUnitEditor",1287929801226
closed,editor,org.eclipse.jdt.ui,3.5.1.r351_v20090821-0800,"org.eclipse.jdt.ui.CompilationUnitEditor",1287929801244
closed,editor,org.eclipse.jdt.ui,3.5.1.r351_v20090821-0800,"org.eclipse.jdt.ui.CompilationUnitEditor",1287929801256
closed,editor,org.eclipse.jdt.ui,3.5.1.r351_v20090821-0800,"org.eclipse.jdt.ui.CompilationUnitEditor",1287929801291
executed,command,org.eclipse.ui,3.5.0.I20090604-2000,"org.eclipse.ui.file.closeAll",1287929801342
opened,view,org.eclipse.jdt.ui,3.5.1.r351_v20090821-0800,"org.eclipse.jdt.ui.PackageExplorer",1287929803706
activated,view,org.eclipse.jdt.ui,3.5.1.r351_v20090821-0800,"org.eclipse.jdt.ui.PackageExplorer",1287929803782
opened,editor,org.eclipse.jdt.ui,3.5.1.r351_v20090821-0800,"org.eclipse.jdt.ui.CompilationUnitEditor",1287929809331
activated,editor,org.eclipse.jdt.ui,3.5.1.r351_v20090821-0800,"org.eclipse.jdt.ui.CompilationUnitEditor",1287929809407
executed,command,org.eclipse.ui,3.5.0.I20090604-2000,"org.eclipse.ui.edit.copy",1287929844798
deactivated,workbench,org.eclipse.ui.workbench,3.5.0.I20090603-2000,"",1287929845483
executed,command,org.eclipse.ui,3.5.0.I20090604-2000,"org.eclipse.ui.edit.paste",1287929845524
activated,workbench,org.eclipse.ui.workbench,3.5.0.I20090603-2000,"",1287929849191
opened,editor,org.eclipse.jdt.ui,3.5.1.r351_v20090821-0800,"org.eclipse.jdt.ui.CompilationUnitEditor",1287929849281
activated,editor,org.eclipse.jdt.ui,3.5.1.r351_v20090821-0800,"org.eclipse.jdt.ui.CompilationUnitEditor",1287929849312
executed,command,org.eclipse.ui.ide,3.5.0.I20090525-2000,"org.eclipse.ui.navigate.openResource",1287929849724
executed,command,org.eclipse.ui,3.5.0.I20090604-2000,"org.eclipse.ui.file.save",1287929885084
deactivated,workbench,org.eclipse.ui.workbench,3.5.0.I20090603-2000,"",1287929885685
activated,workbench,org.eclipse.ui.workbench,3.5.0.I20090603-2000,"",1287929887567
executed,command,org.eclipse.ui,3.5.0.I20090604-2000,"org.eclipse.ui.edit.copy",1287929896578
opened,editor,org.eclipse.jdt.ui,3.5.1.r351_v20090821-0800,"org.eclipse.jdt.ui.CompilationUnitEditor",1287929906199
activated,editor,org.eclipse.jdt.ui,3.5.1.r351_v20090821-0800,"org.eclipse.jdt.ui.CompilationUnitEditor",1287929906227
activated,editor,org.eclipse.jdt.ui,3.5.1.r351_v20090821-0800,"org.eclipse.jdt.ui.CompilationUnitEditor",1287929912577
executed,command,org.eclipse.jdt.ui,3.5.1.r351_v20090821-0800,"org.eclipse.jdt.ui.edit.text.java.organize.imports",1287929918646
opened,view,org.eclipse.ui.ide,3.5.0.I20090525-2000,"org.eclipse.ui.views.ProblemView",1287929921601
opened,editor,org.eclipse.jdt.ui,3.5.1.r351_v20090821-0800,"org.eclipse.jdt.ui.CompilationUnitEditor",1287929926337
activated,editor,org.eclipse.jdt.ui,3.5.1.r351_v20090821-0800,"org.eclipse.jdt.ui.CompilationUnitEditor",1287929926364
executed,command,org.eclipse.ui,3.5.0.I20090604-2000,"org.eclipse.ui.edit.paste",1287929928479
executed,command,org.eclipse.ui,3.5.0.I20090604-2000,"org.eclipse.ui.edit.delete",1287929931827
executed,command,org.eclipse.ui,3.5.0.I20090604-2000,"org.eclipse.ui.edit.delete",1287929932949
executed,command,org.eclipse.ui,3.5.0.I20090604-2000,"org.eclipse.ui.edit.delete",1287929935208
executed,command,org.eclipse.ui,3.5.0.I20090604-2000,"org.eclipse.ui.edit.delete",1287929935424
executed,command,org.eclipse.ui,3.5.0.I20090604-2000,"org.eclipse.ui.edit.delete",1287929937718
executed,command,org.eclipse.ui,3.5.0.I20090604-2000,"org.eclipse.ui.edit.delete",1287929937903
executed,command,org.eclipse.ui,3.5.0.I20090604-2000,"org.eclipse.ui.file.save",1287929938680
activated,editor,org.eclipse.jdt.ui,3.5.1.r351_v20090821-0800,"org.eclipse.jdt.ui.CompilationUnitEditor",1287929942034
executed,command,org.eclipse.ui,3.5.0.I20090604-2000,"org.eclipse.ui.edit.copy",1287929953154
executed,command,org.eclipse.ui,3.5.0.I20090604-2000,"org.eclipse.ui.edit.paste",1287929954718
executed,command,org.eclipse.ui,3.5.0.I20090604-2000,"org.eclipse.ui.edit.text.contentAssist.proposals",1287929964605
executed,command,org.eclipse.ui,3.5.0.I20090604-2000,"org.eclipse.ui.edit.text.contentAssist.proposals",1287929966207
executed,command,org.eclipse.ui,3.5.0.I20090604-2000,"org.eclipse.ui.edit.text.contentAssist.proposals",1287929966593
executed,command,org.eclipse.ui,3.5.0.I20090604-2000,"org.eclipse.ui.edit.text.contentAssist.proposals",1287929966803
executed,command,org.eclipse.ui,3.5.0.I20090604-2000,"org.eclipse.ui.edit.text.contentAssist.proposals",1287929967662
executed,command,org.eclipse.ui,3.5.0.I20090604-2000,"org.eclipse.ui.edit.text.contentAssist.proposals",1287929967956
executed,command,org.eclipse.ui,3.5.0.I20090604-2000,"org.eclipse.ui.edit.text.contentAssist.proposals",1287929972601
executed,command,org.eclipse.ui,3.5.0.I20090604-2000,"org.eclipse.ui.edit.text.contentAssist.proposals",1287929975346
activated,editor,org.eclipse.jdt.ui,3.5.1.r351_v20090821-0800,"org.eclipse.jdt.ui.CompilationUnitEditor",1287929981613
activated,editor,org.eclipse.jdt.ui,3.5.1.r351_v20090821-0800,"org.eclipse.jdt.ui.CompilationUnitEditor",1287929983761
activated,editor,org.eclipse.jdt.ui,3.5.1.r351_v20090821-0800,"org.eclipse.jdt.ui.CompilationUnitEditor",1287929985653
opened,editor,org.eclipse.jdt.ui,3.5.1.r351_v20090821-0800,"org.eclipse.jdt.ui.CompilationUnitEditor",1287929995152
activated,editor,org.eclipse.jdt.ui,3.5.1.r351_v20090821-0800,"org.eclipse.jdt.ui.CompilationUnitEditor",1287929995182
activated,editor,org.eclipse.jdt.ui,3.5.1.r351_v20090821-0800,"org.eclipse.jdt.ui.CompilationUnitEditor",1287930012268
executed,command,org.eclipse.ui,3.5.0.I20090604-2000,"org.eclipse.ui.edit.text.contentAssist.proposals",1287930017871
deactivated,workbench,org.eclipse.ui.workbench,3.5.0.I20090603-2000,"",1287930020273
activated,workbench,org.eclipse.ui.workbench,3.5.0.I20090603-2000,"",1287930020512
executed,command,org.eclipse.ui,3.5.0.I20090604-2000,"org.eclipse.ui.edit.text.contentAssist.proposals",1287930032753
activated,editor,org.eclipse.jdt.ui,3.5.1.r351_v20090821-0800,"org.eclipse.jdt.ui.CompilationUnitEditor",1287930038790
activated,editor,org.eclipse.jdt.ui,3.5.1.r351_v20090821-0800,"org.eclipse.jdt.ui.CompilationUnitEditor",1287930040579
activated,editor,org.eclipse.jdt.ui,3.5.1.r351_v20090821-0800,"org.eclipse.jdt.ui.CompilationUnitEditor",1287930056307
executed,command,org.eclipse.ui,3.5.0.I20090604-2000,"org.eclipse.ui.edit.copy",1287930060189
executed,command,org.eclipse.ui,3.5.0.I20090604-2000,"org.eclipse.ui.edit.copy",1287930060209
activated,editor,org.eclipse.jdt.ui,3.5.1.r351_v20090821-0800,"org.eclipse.jdt.ui.CompilationUnitEditor",1287930060900
executed,command,org.eclipse.ui,3.5.0.I20090604-2000,"org.eclipse.ui.edit.paste",1287930061498
executed,command,org.eclipse.ui,3.5.0.I20090604-2000,"org.eclipse.ui.edit.copy",1287930063440
executed,command,org.eclipse.ui,3.5.0.I20090604-2000,"org.eclipse.ui.edit.paste",1287930081271
executed,command,org.eclipse.ui,3.5.0.I20090604-2000,"org.eclipse.ui.edit.text.contentAssist.proposals",1287930083355
executed,command,org.eclipse.ui,3.5.0.I20090604-2000,"org.eclipse.ui.edit.copy",1287930088120
executed,command,org.eclipse.ui,3.5.0.I20090604-2000,"org.eclipse.ui.edit.paste",1287930091281
activated,editor,org.eclipse.jdt.ui,3.5.1.r351_v20090821-0800,"org.eclipse.jdt.ui.CompilationUnitEditor",1287930097278
opened,editor,org.eclipse.jdt.ui,3.5.1.r351_v20090821-0800,"org.eclipse.jdt.ui.CompilationUnitEditor",1287930115330
activated,editor,org.eclipse.jdt.ui,3.5.1.r351_v20090821-0800,"org.eclipse.jdt.ui.CompilationUnitEditor",1287930115359
activated,editor,org.eclipse.jdt.ui,3.5.1.r351_v20090821-0800,"org.eclipse.jdt.ui.CompilationUnitEditor",1287930123845
closed,editor,org.eclipse.jdt.ui,3.5.1.r351_v20090821-0800,"org.eclipse.jdt.ui.CompilationUnitEditor",1287930123847
activated,editor,org.eclipse.jdt.ui,3.5.1.r351_v20090821-0800,"org.eclipse.jdt.ui.CompilationUnitEditor",1287930125300
activated,editor,org.eclipse.jdt.ui,3.5.1.r351_v20090821-0800,"org.eclipse.jdt.ui.CompilationUnitEditor",1287930126442
activated,editor,org.eclipse.jdt.ui,3.5.1.r351_v20090821-0800,"org.eclipse.jdt.ui.CompilationUnitEditor",1287930126983
executed,command,org.eclipse.ui,3.5.0.I20090604-2000,"org.eclipse.ui.edit.copy",1287930137805
executed,command,org.eclipse.ui,3.5.0.I20090604-2000,"org.eclipse.ui.edit.paste",1287930139029
executed,command,org.eclipse.ui,3.5.0.I20090604-2000,"org.eclipse.ui.edit.text.contentAssist.proposals",1287930141495
executed,command,org.eclipse.ui,3.5.0.I20090604-2000,"org.eclipse.ui.edit.copy",1287930145234
executed,command,org.eclipse.ui,3.5.0.I20090604-2000,"org.eclipse.ui.edit.paste",1287930145790
executed,command,org.eclipse.ui,3.5.0.I20090604-2000,"org.eclipse.ui.edit.cut",1287930149429
executed,command,org.eclipse.ui,3.5.0.I20090604-2000,"org.eclipse.ui.edit.paste",1287930152489
executed,command,org.eclipse.ui,3.5.0.I20090604-2000,"org.eclipse.ui.file.save",1287930153120
opened,editor,org.eclipse.jdt.ui,3.5.1.r351_v20090821-0800,"org.eclipse.jdt.ui.CompilationUnitEditor",1287930168494
activated,editor,org.eclipse.jdt.ui,3.5.1.r351_v20090821-0800,"org.eclipse.jdt.ui.CompilationUnitEditor",1287930168521
activated,editor,org.eclipse.jdt.ui,3.5.1.r351_v20090821-0800,"org.eclipse.jdt.ui.CompilationUnitEditor",1287930179926
closed,editor,org.eclipse.jdt.ui,3.5.1.r351_v20090821-0800,"org.eclipse.jdt.ui.CompilationUnitEditor",1287930179929
activated,editor,org.eclipse.jdt.ui,3.5.1.r351_v20090821-0800,"org.eclipse.jdt.ui.CompilationUnitEditor",1287930180753
opened,editor,org.eclipse.jdt.ui,3.5.1.r351_v20090821-0800,"org.eclipse.jdt.ui.CompilationUnitEditor",1287930190726
activated,editor,org.eclipse.jdt.ui,3.5.1.r351_v20090821-0800,"org.eclipse.jdt.ui.CompilationUnitEditor",1287930190755
activated,editor,org.eclipse.jdt.ui,3.5.1.r351_v20090821-0800,"org.eclipse.jdt.ui.CompilationUnitEditor",1287930198891
activated,editor,org.eclipse.jdt.ui,3.5.1.r351_v20090821-0800,"org.eclipse.jdt.ui.CompilationUnitEditor",1287930208332
executed,command,org.eclipse.ui,3.5.0.I20090604-2000,"org.eclipse.ui.edit.copy",1287930214454
executed,command,org.eclipse.ui,3.5.0.I20090604-2000,"org.eclipse.ui.edit.paste",1287930215833
executed,command,org.eclipse.ui,3.5.0.I20090604-2000,"org.eclipse.ui.edit.copy",1287930218202
executed,command,org.eclipse.ui,3.5.0.I20090604-2000,"org.eclipse.ui.edit.paste",1287930219273
executed,command,org.eclipse.ui,3.5.0.I20090604-2000,"org.eclipse.ui.edit.text.contentAssist.proposals",1287930224048
executed,command,org.eclipse.ui,3.5.0.I20090604-2000,"org.eclipse.ui.edit.text.contentAssist.proposals",1287930225070
executed,command,org.eclipse.ui,3.5.0.I20090604-2000,"org.eclipse.ui.edit.text.contentAssist.proposals",1287930225308
executed,command,org.eclipse.ui,3.5.0.I20090604-2000,"org.eclipse.ui.edit.text.contentAssist.proposals",1287930225483
executed,command,org.eclipse.ui,3.5.0.I20090604-2000,"org.eclipse.ui.edit.text.contentAssist.proposals",1287930225947
executed,command,org.eclipse.ui,3.5.0.I20090604-2000,"org.eclipse.ui.edit.text.contentAssist.proposals",1287930227578
executed,command,org.eclipse.ui,3.5.0.I20090604-2000,"org.eclipse.ui.edit.text.contentAssist.proposals",1287930232977
executed,command,org.eclipse.ui,3.5.0.I20090604-2000,"org.eclipse.ui.edit.text.contentAssist.proposals",1287930233904
executed,command,org.eclipse.ui,3.5.0.I20090604-2000,"org.eclipse.ui.edit.text.contentAssist.proposals",1287930234183
executed,command,org.eclipse.ui,3.5.0.I20090604-2000,"org.eclipse.ui.edit.text.contentAssist.proposals",1287930235849
executed,command,org.eclipse.ui,3.5.0.I20090604-2000,"org.eclipse.ui.edit.text.contentAssist.proposals",1287930239773
deactivated,workbench,org.eclipse.ui.workbench,3.5.0.I20090603-2000,"",1287930241085
activated,workbench,org.eclipse.ui.workbench,3.5.0.I20090603-2000,"",1287930241260
started,bundle,org.eclipse.compare,3.5.0.I20090514-0808,"org.eclipse.compare",1287930252176
deactivated,workbench,org.eclipse.ui.workbench,3.5.0.I20090603-2000,"",1287930256240
activated,workbench,org.eclipse.ui.workbench,3.5.0.I20090603-2000,"",1287930258441
executed,command,org.eclipse.jdt.ui,3.5.1.r351_v20090821-0800,"org.eclipse.jdt.ui.edit.text.java.create.getter.setter",1287930258714
executed,command,org.eclipse.ui,3.5.0.I20090604-2000,"org.eclipse.ui.file.save",1287930260020
activated,editor,org.eclipse.jdt.ui,3.5.1.r351_v20090821-0800,"org.eclipse.jdt.ui.CompilationUnitEditor",1287930262459
executed,command,org.eclipse.ui,3.5.0.I20090604-2000,"org.eclipse.ui.edit.copy",1287930264742
executed,command,org.eclipse.ui,3.5.0.I20090604-2000,"org.eclipse.ui.edit.copy",1287930265029
executed,command,org.eclipse.ui,3.5.0.I20090604-2000,"org.eclipse.ui.edit.copy",1287930265232
executed,command,org.eclipse.ui,3.5.0.I20090604-2000,"org.eclipse.ui.edit.paste",1287930266508
executed,command,org.eclipse.ui,3.5.0.I20090604-2000,"org.eclipse.ui.edit.copy",1287930276054
executed,command,org.eclipse.ui,3.5.0.I20090604-2000,"org.eclipse.ui.edit.paste",1287930276884
executed,command,org.eclipse.ui,3.5.0.I20090604-2000,"org.eclipse.ui.file.save",1287930282279
executed,command,org.eclipse.ui,3.5.0.I20090604-2000,"org.eclipse.ui.edit.cut",1287930288620
executed,command,org.eclipse.ui,3.5.0.I20090604-2000,"org.eclipse.ui.edit.paste",1287930289776
executed,command,org.eclipse.ui,3.5.0.I20090604-2000,"org.eclipse.ui.edit.cut",1287930300355
executed,command,org.eclipse.ui,3.5.0.I20090604-2000,"org.eclipse.ui.edit.paste",1287930301925
executed,command,org.eclipse.ui,3.5.0.I20090604-2000,"org.eclipse.ui.edit.copy",1287930319318
executed,command,org.eclipse.ui,3.5.0.I20090604-2000,"org.eclipse.ui.edit.paste",1287930322744
executed,command,org.eclipse.ui,3.5.0.I20090604-2000,"org.eclipse.ui.edit.text.contentAssist.proposals",1287930334543
executed,command,org.eclipse.ui,3.5.0.I20090604-2000,"org.eclipse.ui.edit.text.contentAssist.proposals",1287930338662
deactivated,workbench,org.eclipse.ui.workbench,3.5.0.I20090603-2000,"",1287930339772
activated,workbench,org.eclipse.ui.workbench,3.5.0.I20090603-2000,"",1287930339953
executed,command,org.eclipse.ui,3.5.0.I20090604-2000,"org.eclipse.ui.edit.copy",1287930341641
executed,command,org.eclipse.ui,3.5.0.I20090604-2000,"org.eclipse.ui.edit.paste",1287930342705
executed,command,org.eclipse.ui,3.5.0.I20090604-2000,"org.eclipse.ui.file.save",1287930343657
executed,command,org.eclipse.ui,3.5.0.I20090604-2000,"org.eclipse.ui.edit.copy",1287930345360
executed,command,org.eclipse.ui,3.5.0.I20090604-2000,"org.eclipse.ui.edit.paste",1287930351476
executed,command,org.eclipse.ui,3.5.0.I20090604-2000,"org.eclipse.ui.edit.text.contentAssist.proposals",1287930353322
executed,command,org.eclipse.ui,3.5.0.I20090604-2000,"org.eclipse.ui.edit.copy",1287930357658
executed,command,org.eclipse.ui,3.5.0.I20090604-2000,"org.eclipse.ui.edit.paste",1287930359056
executed,command,org.eclipse.ui,3.5.0.I20090604-2000,"org.eclipse.ui.edit.text.contentAssist.proposals",1287930361604
executed,command,org.eclipse.ui,3.5.0.I20090604-2000,"org.eclipse.ui.file.save",1287930368049
executed,command,org.eclipse.ui,3.5.0.I20090604-2000,"org.eclipse.ui.edit.copy",1287930372248
executed,command,org.eclipse.ui,3.5.0.I20090604-2000,"org.eclipse.ui.edit.paste",1287930374021
executed,command,org.eclipse.ui,3.5.0.I20090604-2000,"org.eclipse.ui.file.save",1287930375989
executed,command,org.eclipse.ui,3.5.0.I20090604-2000,"org.eclipse.ui.edit.copy",1287930384416
executed,command,org.eclipse.ui,3.5.0.I20090604-2000,"org.eclipse.ui.edit.paste",1287930385916
started,bundle,org.eclipse.jst.common.annotations.ui,1.1.102.v200806010600,"org.eclipse.jst.common.annotations.ui",1287930388361
executed,command,org.eclipse.ui,3.5.0.I20090604-2000,"org.eclipse.ui.edit.text.contentAssist.proposals",1287930388983
executed,command,org.eclipse.ui,3.5.0.I20090604-2000,"org.eclipse.ui.edit.text.contentAssist.proposals",1287930391269
executed,command,org.eclipse.ui,3.5.0.I20090604-2000,"org.eclipse.ui.edit.copy",1287930395852
executed,command,org.eclipse.ui,3.5.0.I20090604-2000,"org.eclipse.ui.edit.paste",1287930396812
executed,command,org.eclipse.ui,3.5.0.I20090604-2000,"org.eclipse.ui.file.save",1287930399355
executed,command,org.eclipse.ui,3.5.0.I20090604-2000,"org.eclipse.ui.edit.copy",1287930402532
executed,command,org.eclipse.ui,3.5.0.I20090604-2000,"org.eclipse.ui.edit.paste",1287930409539
executed,command,org.eclipse.ui,3.5.0.I20090604-2000,"org.eclipse.ui.file.save",1287930410562
executed,command,org.eclipse.ui,3.5.0.I20090604-2000,"org.eclipse.ui.edit.copy",1287930416396
executed,command,org.eclipse.ui,3.5.0.I20090604-2000,"org.eclipse.ui.edit.copy",1287930416635
activated,editor,org.eclipse.jdt.ui,3.5.1.r351_v20090821-0800,"org.eclipse.jdt.ui.CompilationUnitEditor",1287930417795
executed,command,org.eclipse.ui,3.5.0.I20090604-2000,"org.eclipse.ui.edit.paste",1287930419965
executed,command,org.eclipse.ui,3.5.0.I20090604-2000,"org.eclipse.ui.file.save",1287930421595
activated,editor,org.eclipse.jdt.ui,3.5.1.r351_v20090821-0800,"org.eclipse.jdt.ui.CompilationUnitEditor",1287930424672
executed,command,org.eclipse.ui,3.5.0.I20090604-2000,"org.eclipse.ui.file.save",1287930425445
activated,editor,org.eclipse.jdt.ui,3.5.1.r351_v20090821-0800,"org.eclipse.jdt.ui.CompilationUnitEditor",1287930431986
executed,command,org.eclipse.ui,3.5.0.I20090604-2000,"org.eclipse.ui.file.save",1287930452136
deactivated,workbench,org.eclipse.ui.workbench,3.5.0.I20090603-2000,"",1287930488507
activated,workbench,org.eclipse.ui.workbench,3.5.0.I20090603-2000,"",1287930488604
executed,command,org.eclipse.ui,3.5.0.I20090604-2000,"org.eclipse.ui.file.save",1287930493158
executed,command,org.eclipse.ui,3.5.0.I20090604-2000,"org.eclipse.ui.edit.text.contentAssist.proposals",1287930495007
executed,command,org.eclipse.ui,3.5.0.I20090604-2000,"org.eclipse.ui.edit.copy",1287930510106
executed,command,org.eclipse.ui,3.5.0.I20090604-2000,"org.eclipse.ui.edit.paste",1287930511375
executed,command,org.eclipse.ui,3.5.0.I20090604-2000,"org.eclipse.ui.edit.copy",1287930512636
executed,command,org.eclipse.ui,3.5.0.I20090604-2000,"org.eclipse.ui.edit.paste",1287930513319
executed,command,org.eclipse.ui,3.5.0.I20090604-2000,"org.eclipse.ui.file.save",1287930514804
executed,command,org.eclipse.ui,3.5.0.I20090604-2000,"org.eclipse.ui.edit.copy",1287930534318
executed,command,org.eclipse.ui,3.5.0.I20090604-2000,"org.eclipse.ui.edit.paste",1287930537433
executed,command,org.eclipse.ui,3.5.0.I20090604-2000,"org.eclipse.ui.edit.text.contentAssist.proposals",1287930541128
activated,view,org.eclipse.jdt.ui,3.5.1.r351_v20090821-0800,"org.eclipse.jdt.ui.PackageExplorer",1287930555558
opened,editor,org.eclipse.jdt.ui,3.5.1.r351_v20090821-0800,"org.eclipse.jdt.ui.CompilationUnitEditor",1287930561731
activated,editor,org.eclipse.jdt.ui,3.5.1.r351_v20090821-0800,"org.eclipse.jdt.ui.CompilationUnitEditor",1287930561779
activated,editor,org.eclipse.jdt.ui,3.5.1.r351_v20090821-0800,"org.eclipse.jdt.ui.CompilationUnitEditor",1287930566366
executed,command,org.eclipse.ui,3.5.0.I20090604-2000,"org.eclipse.ui.edit.copy",1287930573043
executed,command,org.eclipse.ui,3.5.0.I20090604-2000,"org.eclipse.ui.edit.paste",1287930574686
executed,command,org.eclipse.ui,3.5.0.I20090604-2000,"org.eclipse.ui.edit.delete",1287930603856
executed,command,org.eclipse.ui,3.5.0.I20090604-2000,"org.eclipse.ui.edit.copy",1287930611527
executed,command,org.eclipse.ui,3.5.0.I20090604-2000,"org.eclipse.ui.edit.paste",1287930614919
executed,command,org.eclipse.ui,3.5.0.I20090604-2000,"org.eclipse.ui.edit.text.contentAssist.proposals",1287930619550
executed,command,org.eclipse.ui,3.5.0.I20090604-2000,"org.eclipse.ui.edit.copy",1287930622552
executed,command,org.eclipse.ui,3.5.0.I20090604-2000,"org.eclipse.ui.edit.paste",1287930623218
executed,command,org.eclipse.ui,3.5.0.I20090604-2000,"org.eclipse.ui.edit.text.contentAssist.proposals",1287930624738
executed,command,org.eclipse.ui,3.5.0.I20090604-2000,"org.eclipse.ui.edit.copy",1287930636099
executed,command,org.eclipse.ui,3.5.0.I20090604-2000,"org.eclipse.ui.edit.copy",1287930636308
opened,editor,org.eclipse.jdt.ui,3.5.1.r351_v20090821-0800,"org.eclipse.jdt.ui.CompilationUnitEditor",1287930649156
activated,editor,org.eclipse.jdt.ui,3.5.1.r351_v20090821-0800,"org.eclipse.jdt.ui.CompilationUnitEditor",1287930649183
activated,editor,org.eclipse.jdt.ui,3.5.1.r351_v20090821-0800,"org.eclipse.jdt.ui.CompilationUnitEditor",1287930652267
executed,command,org.eclipse.ui,3.5.0.I20090604-2000,"org.eclipse.ui.navigate.backwardHistory",1287930652277
executed,command,org.eclipse.ui,3.5.0.I20090604-2000,"org.eclipse.ui.edit.copy",1287930661517
executed,command,org.eclipse.ui,3.5.0.I20090604-2000,"org.eclipse.ui.edit.paste",1287930667120
executed,command,org.eclipse.ui,3.5.0.I20090604-2000,"org.eclipse.ui.edit.text.contentAssist.proposals",1287930672633
executed,command,org.eclipse.ui,3.5.0.I20090604-2000,"org.eclipse.ui.edit.text.contentAssist.proposals",1287930676535
executed,command,org.eclipse.ui,3.5.0.I20090604-2000,"org.eclipse.ui.edit.copy",1287930678916
executed,command,org.eclipse.ui,3.5.0.I20090604-2000,"org.eclipse.ui.edit.paste",1287930680125
executed,command,org.eclipse.ui,3.5.0.I20090604-2000,"org.eclipse.ui.edit.text.contentAssist.proposals",1287930684895
executed,command,org.eclipse.ui,3.5.0.I20090604-2000,"org.eclipse.ui.edit.copy",1287930689279
executed,command,org.eclipse.ui,3.5.0.I20090604-2000,"org.eclipse.ui.edit.paste",1287930690140
activated,editor,org.eclipse.jdt.ui,3.5.1.r351_v20090821-0800,"org.eclipse.jdt.ui.CompilationUnitEditor",1287930710333
activated,view,org.eclipse.jdt.ui,3.5.1.r351_v20090821-0800,"org.eclipse.jdt.ui.PackageExplorer",1287930714170
opened,editor,org.eclipse.jdt.ui,3.5.1.r351_v20090821-0800,"org.eclipse.jdt.ui.CompilationUnitEditor",1287930719320
activated,editor,org.eclipse.jdt.ui,3.5.1.r351_v20090821-0800,"org.eclipse.jdt.ui.CompilationUnitEditor",1287930719366
activated,view,org.eclipse.jdt.ui,3.5.1.r351_v20090821-0800,"org.eclipse.jdt.ui.PackageExplorer",1287930721468
activated,editor,org.eclipse.jdt.ui,3.5.1.r351_v20090821-0800,"org.eclipse.jdt.ui.CompilationUnitEditor",1287930722953
executed,command,org.eclipse.ui,3.5.0.I20090604-2000,"org.eclipse.ui.edit.copy",1287930726040
activated,editor,org.eclipse.jdt.ui,3.5.1.r351_v20090821-0800,"org.eclipse.jdt.ui.CompilationUnitEditor",1287930729136
activated,editor,org.eclipse.jdt.ui,3.5.1.r351_v20090821-0800,"org.eclipse.jdt.ui.CompilationUnitEditor",1287930731048
closed,editor,org.eclipse.jdt.ui,3.5.1.r351_v20090821-0800,"org.eclipse.jdt.ui.CompilationUnitEditor",1287930731050
activated,editor,org.eclipse.jdt.ui,3.5.1.r351_v20090821-0800,"org.eclipse.jdt.ui.CompilationUnitEditor",1287930731592
executed,command,org.eclipse.ui,3.5.0.I20090604-2000,"org.eclipse.ui.edit.paste",1287930733572
executed,command,org.eclipse.ui,3.5.0.I20090604-2000,"org.eclipse.ui.edit.copy",1287930762526
executed,command,org.eclipse.ui,3.5.0.I20090604-2000,"org.eclipse.ui.edit.paste",1287930764626
executed,command,org.eclipse.ui,3.5.0.I20090604-2000,"org.eclipse.ui.edit.copy",1287930769511
executed,command,org.eclipse.ui,3.5.0.I20090604-2000,"org.eclipse.ui.edit.paste",1287930771086
executed,command,org.eclipse.ui,3.5.0.I20090604-2000,"org.eclipse.ui.edit.paste",1287930773251
executed,command,org.eclipse.ui,3.5.0.I20090604-2000,"org.eclipse.ui.edit.copy",1287930779837
executed,command,org.eclipse.ui,3.5.0.I20090604-2000,"org.eclipse.ui.edit.paste",1287930780720
executed,command,org.eclipse.ui,3.5.0.I20090604-2000,"org.eclipse.ui.edit.paste",1287930783467
executed,command,org.eclipse.ui,3.5.0.I20090604-2000,"org.eclipse.ui.edit.copy",1287930787431
executed,command,org.eclipse.ui,3.5.0.I20090604-2000,"org.eclipse.ui.edit.paste",1287930788780
executed,command,org.eclipse.ui,3.5.0.I20090604-2000,"org.eclipse.ui.edit.paste",1287930789987
executed,command,org.eclipse.ui,3.5.0.I20090604-2000,"org.eclipse.ui.edit.copy",1287930792784
executed,command,org.eclipse.ui,3.5.0.I20090604-2000,"org.eclipse.ui.edit.paste",1287930794824
executed,command,org.eclipse.ui,3.5.0.I20090604-2000,"org.eclipse.ui.edit.copy",1287930796380
executed,command,org.eclipse.ui,3.5.0.I20090604-2000,"org.eclipse.ui.edit.paste",1287930797211
